[
  {
    "PackageName": "AspNetCore.HealthChecks.UI",
    "VersionOld": "2.2.29",
    "VersionNew": "2.2.32"
  },
  {
    "PackageName": "Bogus",
    "VersionOld": "27.0.1",
    "VersionNew": "28.0.2"
  },
  {
    "PackageName": "Jaeger",
    "VersionOld": "0.3.2",
    "VersionNew": "0.3.3"
  },
  {
    "PackageName": "Microsoft.AspNetCore.Mvc.Api.Analyzers",
    "VersionOld": "2.2.0",
    "VersionNew": "2.2.6"
  },
  {
    "PackageName": "Microsoft.EntityFrameworkCore",
    "VersionOld": "2.2.4",
    "VersionNew": "2.2.6"
  },
  {
    "PackageName": "Microsoft.EntityFrameworkCore.InMemory",
    "VersionOld": "2.2.4",
    "VersionNew": "2.2.6"
  },
  {
    "PackageName": "Microsoft.NET.Test.Sdk",
    "VersionOld": "16.1.1",
    "VersionNew": "16.2.0"
  },
  {
    "PackageName": "Moq",
    "VersionOld": "4.11.0",
    "VersionNew": "4.12.0"
  }
]